player_name,team,position,age,appearances,minutes_played,goals,assists,yellow_cards,red_cards,cards_per_app,goals_per_app
Matěj Kovář,Czechia,GK,26,3,270,0,0,0,0,0.0,0.0
David Zima,Czechia,DF,25,1,12,0,0,0,0,0.0,0.0
Tomáš Holeš,Czechia,DF,33,2,154,0,0,0,0,0.0,0.0
Robin Hranáč,Czechia,DF,26,3,270,0,0,0,0,0.0,0.0
Vladimír Coufal,Czechia,DF,33,3,270,0,0,0,0,0.0,0.0
Štěpán Chaloupek,Czechia,DF,23,1,90,0,0,0,0,0.0,0.0
Ladislav Krejčí,Czechia,DF,27,3,270,1,0,1,0,0.3333333333333333,0.3333333333333333
Vladimír Darida,Czechia,MF,35,1,55,0,0,0,0,0.0,0.0
Adam Hložek,Czechia,FW,23,3,157,0,0,0,0,0.0,0.0
Patrik Schick,Czechia,FW,30,3,180,0,0,0,0,0.0,0.0
Lukáš Červ,Czechia,MF,25,2,165,0,0,0,0,0.0,0.0
Mojmír Chytil,Czechia,FW,27,1,6,0,0,0,0,0.0,0.0
Pavel Šulc,Czechia,FW,25,3,189,0,0,0,0,0.0,0.0
Lukáš Provod,Czechia,MF,29,3,121,0,0,0,0,0.0,0.0
Michal Sadílek,Czechia,MF,27,3,183,1,0,0,0,0.0,0.3333333333333333
Tomáš Chorý,Czechia,FW,31,2,29,0,0,0,0,0.0,0.0
Jaroslav Zelený,Czechia,DF,33,2,125,0,0,0,0,0.0,0.0
David Douděra,Czechia,DF,28,1,90,0,0,0,0,0.0,0.0
Tomáš Souček,Czechia,MF,31,3,136,0,0,0,0,0.0,0.0
Alexandr Sojka,Czechia,MF,23,3,142,0,0,0,0,0.0,0.0
Denis Višinský,Czechia,FW,23,1,56,0,0,0,0,0.0,0.0
Raúl Rangel,Mexico,GK,26,5,438,0,0,0,0,0.0,0.0
Jorge Sánchez,Mexico,DF,28,4,349,0,0,1,0,0.25,0.0
César Montes,Mexico,DF,29,4,315,0,0,0,1,0.0,0.0
Edson Álvarez,Mexico,DF,28,4,239,0,0,1,0,0.25,0.0
Johan Vásquez,Mexico,DF,27,4,360,0,0,1,0,0.25,0.0
Érik Lira,Mexico,MF,26,4,346,0,0,0,0,0.0,0.0
Luis Romo,Mexico,MF,31,4,268,1,0,0,0,0.0,0.25
Álvaro Fidalgo,Mexico,MF,29,3,95,1,0,0,0,0.0,0.3333333333333333
Raúl Jiménez,Mexico,FW,35,4,320,3,0,0,0,0.0,0.75
Alexis Vega,Mexico,FW,28,1,11,0,0,0,0,0.0,0.0
Santiago Giménez,Mexico,FW,25,4,82,0,0,0,0,0.0,0.0
Guillermo Ochoa,Mexico,GK,40,1,12,0,0,0,0,0.0,0.0
Armando González,Mexico,FW,23,1,14,0,0,0,0,0.0,0.0
Israel Reyes,Mexico,DF,26,4,200,0,0,0,0,0.0,0.0
Julián Quiñones,Mexico,FW,29,5,414,4,1,0,0,0.0,0.8
Orbelín Pineda,Mexico,MF,30,2,29,0,0,0,0,0.0,0.0
Obed Vargas,Mexico,MF,20,3,63,0,0,0,0,0.0,0.0
Gilberto Mora,Mexico,MF,17,4,215,0,0,0,0,0.0,0.0
Mateo Chávez,Mexico,DF,22,1,78,1,0,0,0,0.0,1.0
César Huerta,Mexico,FW,25,1,6,0,0,0,0,0.0,0.0
Guillermo Martínez,Mexico,FW,31,2,72,0,0,0,0,0.0,0.0
Jesús Gallardo,Mexico,DF,31,5,372,0,0,0,0,0.0,0.0
Luis Chávez,Mexico,MF,30,1,24,0,0,0,0,0.0,0.0
Roberto Alvarado,Mexico,FW,27,5,430,0,3,0,0,0.0,0.0
Brian Gutiérrez,Mexico,MF,22,4,198,0,0,1,0,0.25,0.0
Ronwen Williams,South Africa,GK,34,4,360,0,0,0,0,0.0,0.0
Teboho Mokoena,South Africa,MF,29,3,270,1,0,2,0,0.6666666666666666,0.3333333333333333
Thalente Mbatha,South Africa,MF,26,4,259,0,0,1,0,0.25,0.0
Aubrey Modiba,South Africa,DF,30,4,347,0,0,0,0,0.0,0.0
Oswin Appollis,South Africa,FW,24,4,255,0,0,0,0,0.0,0.0
Tshepang Moremi,South Africa,FW,25,2,32,0,0,0,0,0.0,0.0
Lyle Foster,South Africa,FW,25,1,56,0,0,0,0,0.0,0.0
Relebohile Mofokeng,South Africa,FW,21,3,170,0,0,0,0,0.0,0.0
Themba Zwane,South Africa,MF,36,1,23,0,0,0,1,0.0,0.0
Thapelo Maseko,South Africa,FW,22,3,245,1,0,0,0,0.0,0.3333333333333333
Sphephelo Sithole,South Africa,MF,27,3,229,0,0,0,1,0.0,0.0
Mbekezeli Mbokazi,South Africa,DF,20,4,360,0,0,0,0,0.0,0.0
Iqraam Rayners,South Africa,FW,30,4,161,0,0,0,0,0.0,0.0
Evidence Makgopa,South Africa,FW,26,4,214,0,0,0,0,0.0,0.0
Nkosinathi Sibisi,South Africa,DF,30,1,90,0,0,1,0,1.0,0.0
Khuliso Mudau,South Africa,DF,31,4,360,0,0,0,0,0.0,0.0
Ime Okon,South Africa,DF,22,4,360,0,0,0,0,0.0,0.0
Jayden Adams,South Africa,MF,25,3,116,0,0,0,0,0.0,0.0
Kamogelo Sebelebele,South Africa,FW,23,1,6,0,0,0,0,0.0,0.0
Kim Seung-gyu,South Korea,GK,35,3,270,0,0,0,0,0.0,0.0
Lee Han-beom,South Korea,DF,23,3,270,0,0,0,0,0.0,0.0
Lee Gi-hyuk,South Korea,MF,25,3,270,0,0,1,0,0.3333333333333333,0.0
Kim Min-jae,South Korea,DF,29,3,245,0,0,0,0,0.0,0.0
Hwang In-beom,South Korea,MF,29,3,264,1,0,0,0,0.0,0.3333333333333333
Son Heung-min,South Korea,FW,33,3,171,0,0,0,0,0.0,0.0
Paik Seung-ho,South Korea,MF,29,3,206,0,0,1,0,0.3333333333333333,0.0
Cho Gue-sung,South Korea,FW,28,2,29,0,0,1,0,0.5,0.0
Lee Jae-sung,South Korea,MF,33,2,119,0,0,0,0,0.0,0.0
Hwang Hee-chan,South Korea,MF,30,3,106,0,0,0,0,0.0,0.0
Lee Tae-seok,South Korea,DF,23,2,114,0,0,0,0,0.0,0.0
Kim Moon-hwan,South Korea,DF,30,1,71,0,0,0,0,0.0,0.0
Park Jin-seob,South Korea,DF,30,2,31,0,0,0,0,0.0,0.0
Oh Hyeon-gyu,South Korea,FW,25,3,128,1,0,0,0,0.0,0.3333333333333333
Lee Kang-in,South Korea,MF,25,3,270,0,0,1,0,0.3333333333333333,0.0
Yang Hyun-jun,South Korea,MF,24,1,19,0,0,0,0,0.0,0.0
Seol Young-woo,South Korea,DF,27,3,251,0,0,0,0,0.0,0.0
Jens Castrop,South Korea,DF,22,1,45,0,0,0,0,0.0,0.0
Kim Jin-gyu,South Korea,MF,29,2,51,0,0,0,0,0.0,0.0
Eom Ji-sung,South Korea,MF,24,2,40,0,0,0,0,0.0,0.0
Nikola Vasilj,Bosnia and Herzegovina,GK,30,4,360,0,0,0,0,0.0,0.0
Dennis Hadžikadunić,Bosnia and Herzegovina,DF,27,1,27,0,0,0,0,0.0,0.0
Tarik Muharemović,Bosnia and Herzegovina,DF,23,3,260,0,0,0,1,0.0,0.0
Sead Kolašinac,Bosnia and Herzegovina,DF,32,4,339,0,0,0,0,0.0,0.0
Benjamin Tahirović,Bosnia and Herzegovina,MF,23,4,237,0,0,0,0,0.0,0.0
Amar Dedić,Bosnia and Herzegovina,DF,23,3,270,0,0,1,0,0.3333333333333333,0.0
Armin Gigović,Bosnia and Herzegovina,MF,24,2,79,0,0,0,0,0.0,0.0
Samed Baždar,Bosnia and Herzegovina,FW,22,1,28,0,0,0,0,0.0,0.0
Ermedin Demirović,Bosnia and Herzegovina,FW,28,4,356,0,0,1,0,0.25,0.0
Edin Džeko,Bosnia and Herzegovina,FW,40,3,179,0,0,1,0,0.3333333333333333,0.0
Ivan Bašić,Bosnia and Herzegovina,MF,24,3,179,0,0,0,0,0.0,0.0
Ivan Šunjić,Bosnia and Herzegovina,MF,29,4,198,0,0,0,0,0.0,0.0
Amar Memić,Bosnia and Herzegovina,MF,25,4,224,0,0,0,0,0.0,0.0
Amir Hadžiahmetović,Bosnia and Herzegovina,MF,29,1,4,0,0,0,0,0.0,0.0
Dženis Burnić,Bosnia and Herzegovina,MF,28,2,14,0,0,0,0,0.0,0.0
Nikola Katić,Bosnia and Herzegovina,DF,29,4,318,0,0,1,0,0.25,0.0
Kerim Alajbegović,Bosnia and Herzegovina,FW,18,4,277,1,0,0,0,0.0,0.25
Esmir Bajraktarević,Bosnia and Herzegovina,FW,21,4,229,0,0,0,0,0.0,0.0
Stjepan Radeljić,Bosnia and Herzegovina,DF,28,2,180,0,0,1,0,0.5,0.0
Haris Tabaković,Bosnia and Herzegovina,FW,31,1,15,0,0,0,0,0.0,0.0
Arjan Malić,Bosnia and Herzegovina,DF,20,1,45,0,0,0,0,0.0,0.0
Jovo Lukić,Bosnia and Herzegovina,FW,27,2,66,1,0,1,0,0.5,0.5
Ermin Mahmić,Bosnia and Herzegovina,MF,21,3,66,2,0,1,0,0.3333333333333333,0.6666666666666666
Alistair Johnston,Canada,DF,27,5,450,0,0,1,0,0.2,0.0
Luc de Fougerolles,Canada,DF,20,5,372,0,0,2,0,0.4,0.0
Joel Waterman,Canada,DF,30,2,76,0,0,0,0,0.0,0.0
Mathieu Choinière,Canada,MF,27,1,58,0,0,0,0,0.0,0.0
Stephen Eustáquio,Canada,MF,29,5,391,1,0,0,0,0.0,0.2
Ismaël Koné,Canada,MF,23,2,147,0,0,0,0,0.0,0.0
Cyle Larin,Canada,FW,31,4,189,2,0,2,0,0.5,0.5
Jonathan David,Canada,FW,26,5,421,3,0,1,0,0.2,0.6
Liam Millar,Canada,MF,26,3,163,0,0,1,0,0.3333333333333333,0.0
Tani Oluwaseyi,Canada,FW,26,5,260,0,0,0,0,0.0,0.0
Derek Cornelius,Canada,DF,28,4,315,0,0,1,0,0.25,0.0
Jacob Shaffelburg,Canada,MF,26,5,87,0,0,0,0,0.0,0.0
Moïse Bombito,Canada,DF,26,3,194,0,0,0,0,0.0,0.0
Maxime Crépeau,Canada,GK,32,5,450,0,0,0,0,0.0,0.0
Tajon Buchanan,Canada,FW,27,5,380,0,0,0,0,0.0,0.0
Alphonso Davies,Canada,DF,25,1,15,0,0,0,0,0.0,0.0
Ali Ahmed,Canada,FW,25,4,236,0,0,0,0,0.0,0.0
Jonathan Osorio,Canada,MF,33,2,4,0,0,0,0,0.0,0.0
Richie Laryea,Canada,DF,31,5,431,0,0,1,0,0.2,0.0
Niko Sigur,Canada,DF,22,3,125,0,0,1,0,0.3333333333333333,0.0
Promise David,Canada,FW,24,4,77,1,0,0,0,0.0,0.25
Nathan Saliba,Canada,MF,22,3,182,1,0,1,0,0.3333333333333333,0.3333333333333333
Jayden Nelson,Canada,FW,23,1,3,0,0,0,0,0.0,0.0
Mahmud Abunada,Qatar,GK,26,3,270,0,0,1,0,0.3333333333333333,0.0
Pedro Miguel,Qatar,DF,35,3,270,0,0,0,0,0.0,0.0
Lucas Mendes,Qatar,DF,35,1,3,0,0,0,0,0.0,0.0
Issa Laye,Qatar,DF,28,3,270,0,0,0,0,0.0,0.0
Jassem Gaber,Qatar,DF,24,3,150,0,0,1,0,0.3333333333333333,0.0
Abdulaziz Hatem,Qatar,MF,36,1,45,0,0,0,0,0.0,0.0
Ahmed Alaaeldin,Qatar,FW,33,2,41,0,0,0,0,0.0,0.0
Edmilson Junior,Qatar,FW,31,3,212,0,0,0,0,0.0,0.0
Hassan Al-Haydos,Qatar,FW,35,2,58,1,0,0,0,0.0,0.5
Akram Afif,Qatar,FW,29,3,239,0,0,0,0,0.0,0.0
Karim Boudiaf,Qatar,MF,35,2,102,0,0,0,0,0.0,0.0
Ayoub Al-Oui,Qatar,DF,21,2,150,0,0,0,0,0.0,0.0
Homam Ahmed,Qatar,DF,26,2,123,0,0,0,1,0.0,0.0
Yusuf Abdurisag,Qatar,FW,26,2,100,0,0,0,0,0.0,0.0
Boualem Khoukhi,Qatar,DF,35,3,270,0,0,0,0,0.0,0.0
Ahmed Al-Ganehi,Qatar,MF,25,1,34,0,0,0,0,0.0,0.0
Sultan Al-Brake,Qatar,DF,30,2,140,0,0,0,0,0.0,0.0
Almoez Ali,Qatar,FW,29,1,18,0,0,0,0,0.0,0.0
Salah Zakaria,Qatar,GK,27,4,360,0,0,0,0,0.0,0.0
Assim Madibo,Qatar,MF,29,2,132,0,0,0,1,0.0,0.0
Al-Hashmi Al-Hussain,Qatar,DF,22,1,31,0,0,0,0,0.0,0.0
Gregor Kobel,Switzerland,GK,28,6,600,0,0,0,0,0.0,0.0
Miro Muheim,Switzerland,DF,28,3,84,0,0,1,0,0.3333333333333333,0.0
Silvan Widmer,Switzerland,DF,33,5,172,0,0,0,0,0.0,0.0
Nico Elvedi,Switzerland,DF,29,6,600,0,0,1,0,0.16666666666666666,0.0
Manuel Akanji,Switzerland,DF,30,6,600,0,0,0,0,0.0,0.0
Denis Zakaria,Switzerland,MF,29,4,360,0,0,2,0,0.5,0.0
Breel Embolo,Switzerland,FW,29,6,506,2,0,0,1,0.0,0.3333333333333333
Remo Freuler,Switzerland,MF,34,6,594,0,0,0,0,0.0,0.0
Johan Manzambi,Switzerland,MF,20,4,200,3,0,0,0,0.0,0.75
Granit Xhaka,Switzerland,MF,33,6,600,1,0,2,0,0.3333333333333333,0.16666666666666666
Dan Ndoye,Switzerland,FW,25,6,408,2,0,0,0,0.0,0.3333333333333333
Ricardo Rodriguez,Switzerland,DF,33,6,519,0,0,0,0,0.0,0.0
Ardon Jashari,Switzerland,MF,23,3,70,0,0,0,0,0.0,0.0
Djibril Sow,Switzerland,MF,29,4,254,0,0,0,0,0.0,0.0
Christian Fassnacht,Switzerland,FW,32,1,5,0,0,0,0,0.0,0.0
Rubén Vargas,Switzerland,FW,27,6,285,2,0,0,0,0.0,0.3333333333333333
Eray Cömert,Switzerland,DF,28,1,31,0,0,0,0,0.0,0.0
Noah Okafor,Switzerland,FW,26,1,19,0,0,0,0,0.0,0.0
Michel Aebischer,Switzerland,MF,29,4,155,0,0,0,0,0.0,0.0
Fabian Rieder,Switzerland,MF,24,5,304,0,0,0,0,0.0,0.0
Zeki Amdouni,Switzerland,FW,25,4,69,0,0,0,0,0.0,0.0
Luca Jaquez,Switzerland,DF,23,2,78,0,0,0,0,0.0,0.0
Cedric Itten,Switzerland,FW,29,3,39,0,0,0,0,0.0,0.0
Éderson Silva,Brazil,MF,26,4,94,0,0,0,0,0.0,0.0
Marquinhos,Brazil,DF,32,5,450,0,0,0,0,0.0,0.0
Casemiro,Brazil,MF,34,5,379,1,0,2,0,0.4,0.2
Alex Sandro,Brazil,DF,35,1,8,0,0,0,0,0.0,0.0
Vinícius Júnior,Brazil,FW,25,5,441,4,1,0,0,0.0,0.8
Bruno Guimarães,Brazil,MF,28,5,419,0,4,0,0,0.0,0.0
Matheus Cunha,Brazil,FW,27,5,293,3,0,0,0,0.0,0.6
Neymar,Brazil,FW,34,2,37,1,0,1,0,0.5,0.5
Raphinha,Brazil,FW,29,2,130,0,0,0,0,0.0,0.0
Douglas Santos,Brazil,DF,32,5,442,0,0,1,0,0.2,0.0
Fabinho,Brazil,MF,32,3,71,0,0,1,0,0.3333333333333333,0.0
Danilo Santos,Brazil,MF,25,5,442,0,0,0,0,0.0,0.0
Endrick,Brazil,FW,19,4,111,0,0,0,0,0.0,0.0
Lucas Paquetá,Brazil,MF,28,4,236,0,0,0,0,0.0,0.0
Luiz Henrique,Brazil,FW,25,1,28,0,0,0,0,0.0,0.0
Gabriel Martinelli,Brazil,FW,24,4,141,1,0,0,0,0.0,0.25
Roger Ibañez,Brazil,DF,27,1,45,0,0,1,0,1.0,0.0
Igor Thiago,Brazil,FW,24,1,62,0,0,0,0,0.0,0.0
Rayan,Brazil,FW,19,4,289,0,0,0,0,0.0,0.0
Johny Placide,Haiti,GK,38,3,270,0,0,1,0,0.3333333333333333,0.0
Carlens Arcus,Haiti,DF,29,3,145,0,0,1,0,0.3333333333333333,0.0
Ricardo Adé,Haiti,DF,36,3,270,0,0,0,0,0.0,0.0
Hannes Delcroix,Haiti,DF,27,3,270,0,0,0,0,0.0,0.0
Martin Expérience,Haiti,DF,27,3,270,0,0,0,0,0.0,0.0
Duckens Nazon,Haiti,FW,32,1,23,0,0,1,0,1.0,0.0
Jean-Ricner Bellegarde,Haiti,MF,27,3,261,0,0,1,0,0.3333333333333333,0.0
Duke Lacroix,Haiti,DF,32,3,240,0,0,0,0,0.0,0.0
Ruben Providence,Haiti,FW,24,3,223,0,0,0,0,0.0,0.0
Lenny Joseph,Haiti,FW,25,3,116,0,0,0,0,0.0,0.0
Danley Jean Jacques,Haiti,MF,26,3,260,0,0,1,0,0.3333333333333333,0.0
Wilson Isidor,Haiti,FW,25,3,188,1,0,0,0,0.0,0.3333333333333333
Yassin Fortuné,Haiti,FW,27,1,5,0,0,0,0,0.0,0.0
Frantzdy Pierrot,Haiti,FW,31,3,142,0,0,1,0,0.3333333333333333,0.0
Josué Casimir,Haiti,FW,24,3,181,0,0,1,0,0.3333333333333333,0.0
Jean-Kévin Duverne,Haiti,DF,28,2,170,0,0,0,0,0.0,0.0
Dominique Simon,Haiti,MF,25,2,55,0,0,0,0,0.0,0.0
Yassine Bounou,Morocco,GK,35,6,570,0,0,0,0,0.0,0.0
Achraf Hakimi,Morocco,DF,27,6,570,1,0,1,0,0.16666666666666666,0.16666666666666666
Noussair Mazraoui,Morocco,DF,28,6,477,0,0,0,0,0.0,0.0
Sofyan Amrabat,Morocco,MF,29,3,145,0,0,0,0,0.0,0.0
Marwane Saâdane,Morocco,DF,34,1,3,0,0,0,0,0.0,0.0
Ayyoub Bouaddi,Morocco,MF,18,5,384,0,0,0,0,0.0,0.0
Chemsdine Talbi,Morocco,MF,21,5,176,0,0,0,0,0.0,0.0
Azzedine Ounahi,Morocco,MF,26,6,437,2,0,1,0,0.16666666666666666,0.3333333333333333
Soufiane Rahimi,Morocco,FW,30,6,157,2,0,0,0,0.0,0.3333333333333333
Brahim Díaz,Morocco,FW,26,6,462,0,4,0,0,0.0,0.0
Ismael Saibari,Morocco,MF,25,5,385,3,0,0,0,0.0,0.6
Zakaria El Ouahdi,Morocco,DF,24,1,16,0,0,0,0,0.0,0.0
Issa Diop,Morocco,DF,29,5,477,1,0,3,0,0.6,0.2
Samir El Mourabet,Morocco,MF,20,5,77,0,0,0,0,0.0,0.0
Gessime Yassine,Morocco,MF,20,3,77,1,0,0,0,0.0,0.3333333333333333
Amine Sbaï,Morocco,FW,25,1,5,0,0,0,0,0.0,0.0
Chadi Riad,Morocco,DF,22,4,345,0,0,0,0,0.0,0.0
Ayoub El Kaabi,Morocco,FW,32,1,70,0,0,0,0,0.0,0.0
Bilal El Khannouss,Morocco,MF,22,6,466,0,0,1,0,0.16666666666666666,0.0
Neil El Aynaoui,Morocco,MF,24,6,563,0,0,0,0,0.0,0.0
Redouane Halhal,Morocco,DF,23,2,180,0,0,1,0,0.5,0.0
Anass Salah-Eddine,Morocco,DF,24,4,212,0,0,0,0,0.0,0.0
Angus Gunn,Scotland,GK,30,3,270,0,0,0,0,0.0,0.0
Aaron Hickey,Scotland,DF,24,1,75,0,0,1,0,1.0,0.0
Andy Robertson,Scotland,DF,32,3,225,0,0,0,0,0.0,0.0
Scott McTominay,Scotland,MF,29,3,270,0,0,0,0,0.0,0.0
Grant Hanley,Scotland,DF,34,2,180,0,0,0,0,0.0,0.0
Kieran Tierney,Scotland,DF,29,2,105,0,0,0,0,0.0,0.0
John McGinn,Scotland,MF,31,3,261,1,0,0,0,0.0,0.3333333333333333
Lyndon Dykes,Scotland,FW,30,2,34,0,0,0,0,0.0,0.0
Ché Adams,Scotland,FW,29,3,147,0,0,0,0,0.0,0.0
Ryan Christie,Scotland,MF,31,3,94,0,0,1,0,0.3333333333333333,0.0
Jack Hendry,Scotland,DF,31,3,270,0,0,0,0,0.0,0.0
Ross Stewart,Scotland,FW,29,1,1,0,0,0,0,0.0,0.0
John Souttar,Scotland,DF,29,4,390,0,0,0,0,0.0,0.0
Ben Gannon-Doak,Scotland,FW,20,3,187,0,0,0,0,0.0,0.0
Lewis Ferguson,Scotland,MF,26,3,270,0,0,0,0,0.0,0.0
Lawrence Shankland,Scotland,FW,30,2,172,0,0,0,0,0.0,0.0
Craig Gordon,Scotland,GK,43,6,399,0,0,0,0,0.0,0.0
Nathan Patterson,Scotland,DF,24,3,186,0,0,0,0,0.0,0.0
Kenny McLean,Scotland,MF,34,3,116,0,0,1,0,0.3333333333333333,0.0
Anthony Ralston,Scotland,DF,27,2,9,0,0,0,0,0.0,0.0
Findlay Curtis,Scotland,FW,20,2,8,0,0,1,0,0.5,0.0
Scott McKenna,Scotland,DF,29,1,90,0,0,0,0,0.0,0.0
Mathew Ryan,Australia,GK,34,1,1,0,0,0,0,0.0,0.0
Alessandro Circati,Australia,DF,22,4,390,0,0,1,0,0.25,0.0
Jacob Italiano,Australia,DF,24,2,164,0,0,1,0,0.5,0.0
Jordan Bos,Australia,DF,23,4,309,0,0,1,0,0.25,0.0
Jason Geria,Australia,DF,33,2,61,0,0,0,0,0.0,0.0
Mathew Leckie,Australia,FW,35,1,61,0,0,0,0,0.0,0.0
Connor Metcalfe,Australia,MF,26,4,315,1,0,0,0,0.0,0.25
Mohamed Touré,Australia,FW,22,3,165,0,0,0,0,0.0,0.0
Ajdin Hrustic,Australia,FW,29,2,78,0,0,0,0,0.0,0.0
Awer Mabil,Australia,FW,30,1,30,0,0,0,0,0.0,0.0
Aiden O'Neill,Australia,MF,27,4,360,0,0,0,0,0.0,0.0
Kai Trewin,Australia,DF,25,1,75,0,0,0,0,0.0,0.0
Aziz Behich,Australia,DF,35,3,216,0,0,0,0,0.0,0.0
Nestory Irankunda,Australia,FW,20,4,264,1,0,0,0,0.0,0.25
Patrick Beach,Australia,GK,22,4,389,0,0,0,0,0.0,0.0
Harry Souttar,Australia,DF,27,4,390,0,0,1,0,0.25,0.0
Cristian Volpato,Australia,FW,22,3,161,0,0,0,0,0.0,0.0
Cameron Burgess,Australia,DF,30,2,135,0,0,0,0,0.0,0.0
Jackson Irvine,Australia,MF,33,4,222,0,0,1,0,0.25,0.0
Nishan Velupillay,Australia,FW,25,2,74,0,0,0,0,0.0,0.0
Paul Okon-Engstler,Australia,MF,21,4,198,0,0,0,0,0.0,0.0
Lucas Herrington,Australia,DF,18,2,210,0,0,0,0,0.0,0.0
Tete Yengi,Australia,FW,25,2,22,0,0,0,0,0.0,0.0
Gatito Fernández,Paraguay,GK,38,7,660,0,0,0,0,0.0,0.0
Gustavo Velázquez,Paraguay,DF,35,5,244,0,0,0,0,0.0,0.0
Omar Alderete,Paraguay,DF,29,4,322,0,0,0,0,0.0,0.0
Fabián Balbuena,Paraguay,DF,34,1,1,0,0,0,0,0.0,0.0
Júnior Alonso,Paraguay,DF,33,5,390,0,0,1,0,0.2,0.0
Ramón Sosa,Paraguay,MF,26,1,11,0,0,0,0,0.0,0.0
Diego Gómez,Paraguay,MF,23,4,307,0,0,2,0,0.5,0.0
Antonio Sanabria,Paraguay,FW,30,2,83,0,0,0,0,0.0,0.0
Miguel Almirón,Paraguay,MF,32,4,285,0,0,1,1,0.25,0.0
Maurício,Paraguay,MF,24,4,172,1,0,0,0,0.0,0.25
Orlando Gill,Paraguay,GK,26,5,480,0,0,0,0,0.0,0.0
José Canale,Paraguay,DF,29,4,159,0,0,0,0,0.0,0.0
Andrés Cubas,Paraguay,MF,30,5,480,0,0,1,0,0.2,0.0
Gustavo Gómez,Paraguay,DF,33,5,480,0,0,0,0,0.0,0.0
Damián Bobadilla,Paraguay,MF,24,4,190,0,0,0,0,0.0,0.0
Álex Arce,Paraguay,FW,30,2,51,0,0,1,0,0.5,0.0
Julio Enciso,Paraguay,FW,22,5,387,1,0,0,0,0.0,0.2
Braian Ojeda,Paraguay,MF,25,1,21,0,0,0,0,0.0,0.0
Gabriel Ávalos,Paraguay,FW,34,4,142,0,0,0,0,0.0,0.0
Matías Galarza,Paraguay,MF,24,4,388,1,0,2,0,0.5,0.25
Gustavo Caballero,Paraguay,MF,24,2,94,0,0,0,0,0.0,0.0
Isidro Pitta,Paraguay,FW,26,1,45,0,0,0,0,0.0,0.0
Alexandro Maidana,Paraguay,DF,20,2,54,0,0,0,0,0.0,0.0
Zeki Çelik,Turkiye,DF,29,2,165,0,0,0,0,0.0,0.0
Merih Demiral,Turkiye,DF,28,2,180,0,0,0,0,0.0,0.0
Çağlar Söyüncü,Turkiye,DF,30,1,6,0,0,0,0,0.0,0.0
Salih Özcan,Turkiye,MF,28,2,99,0,0,0,0,0.0,0.0
Orkun Kökçü,Turkiye,MF,25,3,154,0,0,0,0,0.0,0.0
Kerem Aktürkoğlu,Turkiye,FW,27,2,130,0,0,0,0,0.0,0.0
Arda Güler,Turkiye,FW,21,3,270,1,0,0,0,0.0,0.3333333333333333
Deniz Gül,Turkiye,FW,21,2,35,0,0,0,0,0.0,0.0
Hakan Çalhanoğlu,Turkiye,MF,32,2,180,0,0,0,0,0.0,0.0
Kenan Yıldız,Turkiye,FW,21,3,219,0,0,0,0,0.0,0.0
Eren Elmalı,Turkiye,DF,25,2,110,0,0,1,0,0.5,0.0
Abdülkerim Bardakcı,Turkiye,DF,31,3,266,0,0,0,0,0.0,0.0
Ozan Kabak,Turkiye,DF,26,1,90,0,0,0,0,0.0,0.0
İsmail Yüksek,Turkiye,MF,27,2,141,0,0,0,0,0.0,0.0
İrfan Can Kahveci,Turkiye,FW,30,1,1,0,0,0,0,0.0,0.0
Mert Müldür,Turkiye,DF,27,3,100,0,0,0,0,0.0,0.0
Yunus Akgün,Turkiye,FW,25,2,88,0,0,1,0,0.5,0.0
Ferdi Kadıoğlu,Turkiye,DF,26,2,160,0,0,0,0,0.0,0.0
Barış Alper Yılmaz,Turkiye,FW,26,3,179,1,0,0,0,0.0,0.3333333333333333
Kaan Ayhan,Turkiye,MF,31,1,2,1,0,0,0,0.0,1.0
Uğurcan Çakır,Turkiye,GK,30,3,270,0,0,0,0,0.0,0.0
Oğuz Aydın,Turkiye,FW,25,1,89,0,0,0,0,0.0,0.0
Can Uzun,Turkiye,FW,20,2,36,0,0,0,0,0.0,0.0
Matt Turner,USA,GK,31,1,90,0,0,0,0,0.0,0.0
Sergiño Dest,USA,DF,25,5,298,0,0,0,0,0.0,0.0
Chris Richards,USA,DF,26,4,360,0,0,1,0,0.25,0.0
Tyler Adams,USA,MF,27,4,342,0,0,1,0,0.25,0.0
Antonee Robinson,USA,DF,28,4,349,0,0,1,0,0.25,0.0
Auston Trusty,USA,DF,27,2,100,1,0,0,0,0.0,0.5
Giovanni Reyna,USA,MF,23,5,131,1,0,0,0,0.0,0.2
Weston McKennie,USA,MF,27,5,444,0,0,1,0,0.2,0.0
Ricardo Pepi,USA,FW,23,5,202,0,0,0,0,0.0,0.0
Christian Pulisic,USA,FW,27,4,224,0,0,0,0,0.0,0.0
Brenden Aaronson,USA,FW,25,1,77,0,0,0,0,0.0,0.0
Miles Robinson,USA,DF,29,1,90,0,0,0,0,0.0,0.0
Tim Ream,USA,DF,38,4,360,0,0,0,0,0.0,0.0
Sebastian Berhalter,USA,MF,25,5,185,1,0,1,0,0.2,0.2
Alex Freeman,USA,DF,21,5,373,1,0,0,0,0.0,0.2
Malik Tillman,USA,MF,24,5,356,2,0,1,0,0.2,0.4
Max Arfsten,USA,DF,25,1,1,0,0,0,0,0.0,0.0
Haji Wright,USA,FW,28,2,2,0,0,0,0,0.0,0.0
Folarin Balogun,USA,FW,24,4,314,3,0,1,1,0.25,0.75
Timothy Weah,USA,FW,26,2,76,0,0,0,0,0.0,0.0
Mark McKenzie,USA,DF,27,1,90,0,0,0,0,0.0,0.0
Joe Scally,USA,DF,23,2,87,0,0,0,0,0.0,0.0
Matt Freese,USA,GK,27,4,360,0,0,0,0,0.0,0.0
Alejandro Zendejas,USA,FW,28,1,13,0,0,0,0,0.0,0.0
Eloy Room,Curacao,GK,37,3,270,0,0,0,0,0.0,0.0
Shurandy Sambo,Curacao,DF,24,1,1,0,0,0,0,0.0,0.0
Juriën Gaari,Curacao,DF,32,2,167,0,0,1,0,0.5,0.0
Roshon van Eijma,Curacao,DF,28,1,14,0,0,0,0,0.0,0.0
Sherel Floranus,Curacao,DF,27,3,270,0,0,0,0,0.0,0.0
Godfried Roemeratoe,Curacao,MF,26,1,6,0,0,0,0,0.0,0.0
Juninho Bacuna,Curacao,MF,28,3,255,0,0,2,0,0.6666666666666666,0.0
Livano Comenencia,Curacao,MF,22,3,235,1,0,1,0,0.3333333333333333,0.3333333333333333
Jürgen Locadia,Curacao,FW,32,3,237,0,0,0,0,0.0,0.0
Leandro Bacuna,Curacao,MF,34,3,270,0,0,1,0,0.3333333333333333,0.0
Jeremy Antonisse,Curacao,FW,24,2,74,0,0,0,0,0.0,0.0
Sontje Hansen,Curacao,FW,24,1,45,0,0,0,0,0.0,0.0
Tyrese Noslin,Curacao,FW,23,1,13,0,0,0,0,0.0,0.0
Kenji Gorré,Curacao,FW,31,1,15,0,0,0,0,0.0,0.0
Jearl Margaritha,Curacao,FW,26,2,39,0,0,0,0,0.0,0.0
Brandley Kuwas,Curacao,FW,33,1,1,0,0,0,0,0.0,0.0
Armando Obispo,Curacao,DF,27,3,270,0,0,0,0,0.0,0.0
Gervane Kastaneer,Curacao,FW,30,3,27,0,0,2,0,0.6666666666666666,0.0
Joshua Brenet,Curacao,DF,32,2,179,0,0,0,0,0.0,0.0
Tahith Chong,Curacao,MF,26,3,249,0,0,0,0,0.0,0.0
Riechedly Bazoer,Curacao,DF,29,1,90,0,0,0,0,0.0,0.0
Deveron Fonville,Curacao,DF,23,3,243,0,0,0,0,0.0,0.0
Hernán Galíndez,Ecuador,GK,39,4,360,0,0,0,0,0.0,0.0
Félix Torres,Ecuador,DF,29,1,5,0,0,0,0,0.0,0.0
Piero Hincapié,Ecuador,DF,24,4,341,0,0,1,1,0.25,0.0
Joel Ordóñez,Ecuador,DF,22,3,225,0,0,0,0,0.0,0.0
Jordy Alcívar,Ecuador,MF,26,1,45,0,0,1,0,1.0,0.0
Willian Pacho,Ecuador,DF,24,4,360,0,0,0,0,0.0,0.0
Pervis Estupiñán,Ecuador,DF,28,2,89,0,0,0,0,0.0,0.0
Anthony Valencia,Ecuador,MF,22,4,290,0,0,0,0,0.0,0.0
John Yeboah,Ecuador,FW,25,4,315,0,0,0,0,0.0,0.0
Kendry Páez,Ecuador,MF,19,1,11,0,0,1,0,1.0,0.0
Kevin Rodríguez,Ecuador,FW,26,4,115,0,0,0,0,0.0,0.0
Enner Valencia,Ecuador,FW,36,4,290,0,0,0,0,0.0,0.0
Alan Minda,Ecuador,MF,23,1,56,0,0,0,0,0.0,0.0
Pedro Vite,Ecuador,MF,24,4,360,0,0,0,0,0.0,0.0
Jordy Caicedo,Ecuador,FW,28,3,17,0,0,0,0,0.0,0.0
Ángelo Preciado,Ecuador,DF,28,4,106,0,0,0,0,0.0,0.0
Gonzalo Plata,Ecuador,FW,25,4,360,1,0,1,0,0.25,0.25
Nilson Angulo,Ecuador,FW,22,4,218,1,0,0,0,0.0,0.25
Alan Franco,Ecuador,MF,27,4,254,0,0,2,0,0.5,0.0
Moisés Caicedo,Ecuador,MF,24,4,360,0,0,1,0,0.25,0.0
Jackson Porozo,Ecuador,DF,25,1,28,0,0,1,0,1.0,0.0
Yaimar Medina,Ecuador,DF,21,1,45,0,0,0,0,0.0,0.0
Manuel Neuer,Germany,GK,40,4,390,0,0,0,0,0.0,0.0
Antonio Rüdiger,Germany,DF,33,4,262,0,0,0,0,0.0,0.0
Waldemar Anton,Germany,DF,29,2,48,0,0,0,0,0.0,0.0
Jonathan Tah,Germany,DF,30,4,373,0,0,0,0,0.0,0.0
Aleksandar Pavlović,Germany,MF,22,4,274,0,0,1,0,0.25,0.0
Joshua Kimmich,Germany,DF,31,4,353,0,0,0,0,0.0,0.0
Kai Havertz,Germany,FW,27,4,355,3,0,1,0,0.25,0.75
Leon Goretzka,Germany,MF,31,3,97,0,0,0,0,0.0,0.0
Jamie Leweling,Germany,MF,25,1,30,0,0,0,0,0.0,0.0
Jamal Musiala,Germany,MF,23,4,271,1,0,1,0,0.25,0.25
Nick Woltemade,Germany,FW,24,1,32,0,0,0,0,0.0,0.0
Pascal Groß,Germany,MF,34,1,17,0,0,0,0,0.0,0.0
Maximilian Beier,Germany,FW,23,1,26,0,0,0,0,0.0,0.0
Nico Schlotterbeck,Germany,DF,26,2,135,1,0,0,0,0.0,0.5
Angelo Stiller,Germany,MF,25,1,45,0,0,0,0,0.0,0.0
Florian Wirtz,Germany,MF,23,4,363,0,3,0,0,0.0,0.0
Nathaniel Brown,Germany,DF,22,3,283,1,0,0,0,0.0,0.3333333333333333
Leroy Sané,Germany,MF,30,4,328,1,0,0,0,0.0,0.25
Nadiem Amiri,Germany,MF,29,2,40,0,0,0,0,0.0,0.0
David Raum,Germany,DF,28,2,107,0,0,0,0,0.0,0.0
Felix Nmecha,Germany,MF,25,4,272,1,0,0,0,0.0,0.25
Malick Thiaw,Germany,DF,24,2,40,0,0,0,0,0.0,0.0
Deniz Undav,Germany,FW,29,4,149,3,0,0,0,0.0,0.75
Yahia Fofana,Ivory Coast,GK,25,4,360,0,0,0,0,0.0,0.0
Ousmane Diomande,Ivory Coast,DF,22,1,90,0,0,0,0,0.0,0.0
Ghislain Konan,Ivory Coast,DF,30,3,269,0,0,0,0,0.0,0.0
Jean Michaël Seri,Ivory Coast,MF,34,1,13,0,0,0,0,0.0,0.0
Wilfried Singo,Ivory Coast,DF,25,2,172,0,0,0,0,0.0,0.0
Seko Fofana,Ivory Coast,MF,31,2,92,0,0,1,0,0.5,0.0
Odilon Kossounou,Ivory Coast,DF,25,4,271,0,0,0,0,0.0,0.0
Franck Kessié,Ivory Coast,MF,29,4,347,1,0,1,0,0.25,0.25
Ange-Yoan Bonny,Ivory Coast,FW,22,4,236,0,0,0,0,0.0,0.0
Simon Adingra,Ivory Coast,FW,24,1,15,0,0,0,0,0.0,0.0
Yan Diomande,Ivory Coast,FW,19,4,331,0,0,0,0,0.0,0.0
Elye Wahi,Ivory Coast,FW,23,3,109,0,0,0,0,0.0,0.0
Christopher Opéri,Ivory Coast,DF,29,1,90,0,0,0,0,0.0,0.0
Oumar Diakité,Ivory Coast,FW,22,2,26,0,0,0,0,0.0,0.0
Amad Diallo,Ivory Coast,FW,23,4,184,2,0,0,0,0.0,0.5
Guéla Doué,Ivory Coast,DF,23,4,277,0,0,1,0,0.25,0.0
Ibrahim Sangaré,Ivory Coast,MF,28,4,268,0,0,0,0,0.0,0.0
Nicolas Pépé,Ivory Coast,FW,31,4,236,2,0,1,0,0.25,0.5
Emmanuel Agbadou,Ivory Coast,DF,28,3,270,0,0,0,0,0.0,0.0
Evann Guessand,Ivory Coast,FW,24,2,16,0,0,0,0,0.0,0.0
Bazoumana Touré,Ivory Coast,FW,20,3,80,0,0,0,0,0.0,0.0
Christ Inao Oulaï,Ivory Coast,MF,20,4,208,0,0,0,0,0.0,0.0
Zion Suzuki,Japan,GK,23,4,360,0,0,0,0,0.0,0.0
Yukinari Sugawara,Japan,DF,25,4,145,0,0,0,0,0.0,0.0
Shōgo Taniguchi,Japan,DF,34,3,231,0,0,1,0,0.3333333333333333,0.0
Kō Itakura,Japan,DF,29,2,129,0,0,0,0,0.0,0.0
Yūto Nagatomo,Japan,DF,39,1,15,0,0,0,0,0.0,0.0
Shūto Machino,Japan,FW,26,1,12,0,0,0,0,0.0,0.0
Ao Tanaka,Japan,MF,27,3,192,0,0,0,0,0.0,0.0
Takefusa Kubo,Japan,MF,25,1,75,0,0,0,0,0.0,0.0
Keisuke Gotō,Japan,FW,21,1,6,0,0,0,0,0.0,0.0
Ritsu Dōan,Japan,MF,27,4,282,0,0,0,0,0.0,0.0
Daizen Maeda,Japan,MF,28,3,245,1,0,0,0,0.0,0.3333333333333333
Keito Nakamura,Japan,MF,25,4,310,1,0,0,0,0.0,0.25
Junya Itō,Japan,MF,33,4,215,1,0,0,0,0.0,0.25
Daichi Kamada,Japan,MF,29,4,331,2,0,1,0,0.25,0.5
Tsuyoshi Watanabe,Japan,DF,29,2,90,0,0,0,0,0.0,0.0
Yuito Suzuki,Japan,MF,24,1,11,0,0,0,0,0.0,0.0
Ayase Ueda,Japan,FW,27,4,324,2,0,0,0,0.0,0.5
Kōki Ogawa,Japan,FW,28,3,40,0,0,0,0,0.0,0.0
Ayumu Seko,Japan,DF,26,2,86,0,0,0,0,0.0,0.0
Hiroki Itō,Japan,DF,27,4,360,0,0,0,0,0.0,0.0
Takehiro Tomiyasu,Japan,DF,27,3,184,0,0,0,0,0.0,0.0
Kaishū Sano,Japan,MF,25,3,270,1,0,1,0,0.3333333333333333,0.3333333333333333
Junnosuke Suzuki,Japan,DF,22,2,41,0,0,1,0,0.5,0.0
Kento Shiogai,Japan,FW,21,1,6,0,0,0,0,0.0,0.0
Bart Verbruggen,Netherlands,GK,23,4,390,0,0,0,0,0.0,0.0
Marten de Roon,Netherlands,MF,35,1,10,0,0,0,0,0.0,0.0
Virgil van Dijk,Netherlands,DF,34,4,390,1,0,0,0,0.0,0.25
Nathan Aké,Netherlands,DF,31,3,170,0,0,0,0,0.0,0.0
Jan Paul van Hecke,Netherlands,DF,26,4,390,1,0,0,0,0.0,0.25
Justin Kluivert,Netherlands,MF,27,2,25,0,0,0,0,0.0,0.0
Ryan Gravenberch,Netherlands,MF,24,4,347,0,0,0,0,0.0,0.0
Wout Weghorst,Netherlands,FW,33,1,49,0,0,0,0,0.0,0.0
Memphis Depay,Netherlands,FW,32,3,51,0,0,1,0,0.3333333333333333,0.0
Cody Gakpo,Netherlands,FW,27,4,371,3,0,0,0,0.0,0.75
Tijjani Reijnders,Netherlands,MF,27,3,201,0,0,0,0,0.0,0.0
Micky van de Ven,Netherlands,DF,25,3,266,0,0,1,0,0.3333333333333333,0.0
Guus Til,Netherlands,MF,28,1,31,0,0,0,0,0.0,0.0
Noa Lang,Netherlands,FW,26,2,7,0,0,0,0,0.0,0.0
Donyell Malen,Netherlands,FW,27,3,187,0,0,0,0,0.0,0.0
Brian Brobbey,Netherlands,FW,24,4,225,3,0,0,0,0.0,0.75
Teun Koopmeiners,Netherlands,MF,28,4,118,0,0,0,0,0.0,0.0
Frenkie de Jong,Netherlands,MF,29,4,331,0,0,0,0,0.0,0.0
Denzel Dumfries,Netherlands,DF,30,4,390,0,0,0,0,0.0,0.0
Crysencio Summerville,Netherlands,FW,24,4,253,2,0,1,0,0.25,0.5
Jorrel Hato,Netherlands,DF,20,1,34,0,0,0,0,0.0,0.0
Quinten Timber,Netherlands,MF,24,2,54,0,0,0,0,0.0,0.0
Jacob Widell Zetterström,Sweden,GK,27,2,180,0,0,0,0,0.0,0.0
Gustaf Lagerbielke,Sweden,DF,26,4,360,0,0,0,0,0.0,0.0
Victor Lindelöf,Sweden,DF,31,4,357,0,0,0,0,0.0,0.0
Isak Hien,Sweden,DF,27,3,217,0,0,1,0,0.3333333333333333,0.0
Gabriel Gudmundsson,Sweden,DF,27,4,332,0,0,1,0,0.25,0.0
Lucas Bergvall,Sweden,MF,20,4,178,0,0,1,0,0.25,0.0
Daniel Svensson,Sweden,DF,24,3,98,0,0,0,0,0.0,0.0
Alexander Isak,Sweden,FW,26,4,358,1,3,0,0,0.0,0.25
Benjamin Nygren,Sweden,MF,24,4,131,0,0,0,0,0.0,0.0
Anthony Elanga,Sweden,FW,24,4,216,2,0,0,0,0.0,0.5
Ken Sema,Sweden,MF,32,1,15,0,0,0,0,0.0,0.0
Carl Starfelt,Sweden,DF,31,1,3,0,0,0,0,0.0,0.0
Jesper Karlström,Sweden,MF,30,2,140,0,0,0,0,0.0,0.0
Viktor Gyökeres,Sweden,FW,28,4,360,1,0,1,0,0.25,0.25
Yasin Ayari,Sweden,MF,22,4,341,2,0,1,0,0.25,0.5
Mattias Svanberg,Sweden,MF,27,2,14,1,0,0,0,0.0,0.5
Alexander Bernhardsson,Sweden,DF,27,3,219,0,0,0,0,0.0,0.0
Besfort Zeneli,Sweden,MF,23,2,58,0,0,0,0,0.0,0.0
Kristoffer Nordfeldt,Sweden,GK,36,2,180,0,0,0,0,0.0,0.0
Elliot Stroud,Sweden,DF,23,4,167,0,0,0,0,0.0,0.0
Gustaf Nilsson,Sweden,FW,29,1,1,0,0,0,0,0.0,0.0
Mouhib Chamakh,Tunisia,GK,24,1,90,0,0,0,0,0.0,0.0
Ali Abdi,Tunisia,DF,32,3,269,0,0,0,0,0.0,0.0
Montassar Talbi,Tunisia,DF,28,3,270,0,0,0,0,0.0,0.0
Omar Rekik,Tunisia,DF,24,2,180,1,0,0,0,0.0,0.5
Dylan Bronn,Tunisia,DF,30,1,45,0,0,0,0,0.0,0.0
Elias Achouri,Tunisia,FW,27,3,41,0,0,0,0,0.0,0.0
Elias Saad,Tunisia,FW,26,2,117,0,0,0,0,0.0,0.0
Hazem Mastouri,Tunisia,FW,28,1,89,1,0,0,0,0.0,1.0
Hannibal Mejbri,Tunisia,MF,23,3,270,0,0,0,0,0.0,0.0
Ismaël Gharbi,Tunisia,MF,22,3,127,0,0,0,0,0.0,0.0
Mortadha Ben Ouanes,Tunisia,DF,31,1,22,0,0,0,0,0.0,0.0
Rani Khedira,Tunisia,MF,32,3,151,0,0,1,0,0.3333333333333333,0.0
Khalil Ayari,Tunisia,MF,21,4,341,0,0,0,0,0.0,0.0
Mohamed Belhadj Mahmoud,Tunisia,MF,26,2,41,0,0,0,0,0.0,0.0
Aymen Dahmen,Tunisia,GK,29,2,180,0,0,0,0,0.0,0.0
Ellyes Skhiri,Tunisia,MF,31,3,251,0,0,0,0,0.0,0.0
Firas Chaouat,Tunisia,FW,30,3,47,0,0,0,0,0.0,0.0
Yan Valery,Tunisia,DF,27,3,252,0,0,0,0,0.0,0.0
Mohamed Amine Ben Hamida,Tunisia,DF,30,3,203,0,0,0,0,0.0,0.0
Anis Ben Slimane,Tunisia,MF,25,3,242,0,0,0,0,0.0,0.0
Sebastian Tounekti,Tunisia,MF,23,3,83,0,0,0,0,0.0,0.0
Thibaut Courtois,Belgium,GK,34,6,551,0,0,0,0,0.0,0.0
Arthur Theate,Belgium,DF,26,3,227,0,0,0,0,0.0,0.0
Brandon Mechele,Belgium,DF,33,6,570,0,0,1,0,0.16666666666666666,0.0
Maxim De Cuyper,Belgium,DF,25,6,443,0,0,1,0,0.16666666666666666,0.0
Axel Witsel,Belgium,MF,37,2,31,0,0,1,0,0.5,0.0
Kevin De Bruyne,Belgium,MF,34,5,387,1,0,1,0,0.2,0.2
Youri Tielemans,Belgium,MF,29,5,475,2,0,0,0,0.0,0.4
Romelu Lukaku,Belgium,FW,33,6,230,3,0,1,0,0.16666666666666666,0.5
Leandro Trossard,Belgium,FW,31,6,510,2,3,0,0,0.0,0.3333333333333333
Jérémy Doku,Belgium,FW,24,5,311,0,0,0,0,0.0,0.0
Senne Lammens,Belgium,GK,23,1,19,0,0,0,0,0.0,0.0
Dodi Lukébakio,Belgium,FW,28,3,163,0,0,0,0,0.0,0.0
Thomas Meunier,Belgium,DF,34,3,190,0,0,0,0,0.0,0.0
Charles De Ketelaere,Belgium,FW,25,5,353,3,0,0,0,0.0,0.6
Joaquin Seys,Belgium,DF,21,1,29,0,0,0,0,0.0,0.0
Diego Moreira,Belgium,MF,21,1,57,0,0,0,0,0.0,0.0
Hans Vanaken,Belgium,MF,33,6,318,1,0,0,0,0.0,0.16666666666666666
Timothy Castagne,Belgium,DF,30,6,478,0,0,1,0,0.16666666666666666,0.0
Alexis Saelemaekers,Belgium,MF,26,4,81,1,0,0,0,0.0,0.25
Nicolas Raskin,Belgium,MF,25,6,340,0,0,0,0,0.0,0.0
Amadou Onana,Belgium,MF,24,4,106,0,0,0,0,0.0,0.0
Nathan Ngoy,Belgium,DF,23,4,336,0,0,0,1,0.0,0.0
Matias Fernandez-Pardo,Belgium,FW,21,3,41,0,0,0,0,0.0,0.0
Yasser Ibrahim,Egypt,DF,33,5,466,1,0,2,0,0.4,0.2
Mohamed Hany,Egypt,DF,30,5,480,0,0,0,0,0.0,0.0
Hossam Abdelmaguid,Egypt,DF,25,2,57,0,0,0,0,0.0,0.0
Ramy Rabia,Egypt,DF,33,5,368,0,0,0,0,0.0,0.0
Mohamed Abdelmonem,Egypt,DF,27,2,15,0,0,0,0,0.0,0.0
Trézéguet,Egypt,FW,31,4,161,1,0,0,0,0.0,0.25
Emam Ashour,Egypt,MF,28,5,366,2,0,0,0,0.0,0.4
Hamza Abdelkarim,Egypt,FW,18,4,57,0,0,0,0,0.0,0.0
Mohamed Salah,Egypt,FW,33,5,428,1,0,0,0,0.0,0.2
Mostafa Ziko,Egypt,MF,29,5,375,2,0,0,0,0.0,0.4
Haissem Hassan,Egypt,FW,24,2,126,0,0,2,0,1.0,0.0
Karim Hafez,Egypt,DF,30,3,172,0,0,0,0,0.0,0.0
Mohanad Lasheen,Egypt,MF,30,4,359,0,0,2,0,0.5,0.0
Ibrahim Adel,Egypt,FW,25,1,2,0,0,0,0,0.0,0.0
Mahmoud Saber,Egypt,MF,24,2,46,1,0,1,0,0.5,0.5
Omar Marmoush,Egypt,FW,27,5,326,0,0,0,0,0.0,0.0
Mostafa Shobeir,Egypt,GK,26,5,480,0,0,0,0,0.0,0.0
Zizo,Egypt,FW,30,4,53,0,0,0,0,0.0,0.0
Alireza Beiranvand,Iran,GK,33,3,270,0,0,0,0,0.0,0.0
Saleh Hardani,Iran,DF,27,2,90,0,0,0,0,0.0,0.0
Shojae Khalilzadeh,Iran,DF,37,3,270,0,0,0,0,0.0,0.0
Milad Mohammadi,Iran,DF,32,3,204,0,0,0,0,0.0,0.0
Saeid Ezatolahi,Iran,MF,29,3,265,0,0,2,0,0.6666666666666666,0.0
Alireza Jahanbakhsh,Iran,MF,32,2,46,0,0,0,0,0.0,0.0
Mohammad Mohebi,Iran,MF,27,3,245,1,0,0,0,0.0,0.3333333333333333
Mehdi Taremi,Iran,FW,33,3,260,0,0,0,0,0.0,0.0
Mehdi Ghayedi,Iran,FW,27,1,45,0,0,0,0,0.0,0.0
Ali Alipour,Iran,FW,30,1,37,0,0,0,0,0.0,0.0
Saman Ghoddos,Iran,MF,32,3,211,0,0,0,0,0.0,0.0
Mahdi Torabi,Iran,MF,31,1,24,0,0,0,0,0.0,0.0
Arya Yousefi,Iran,DF,24,1,45,0,0,0,0,0.0,0.0
Amirhossein Hosseinzadeh,Iran,FW,25,2,15,0,0,0,0,0.0,0.0
Ali Nemati,Iran,DF,30,3,270,0,0,1,0,0.3333333333333333,0.0
Shahriyar Moghanlou,Iran,FW,31,3,87,0,0,0,0,0.0,0.0
Mohammad Ghorbani,Iran,MF,24,1,90,0,0,0,0,0.0,0.0
Ramin Rezaeian,Iran,DF,36,3,270,2,0,0,0,0.0,0.6666666666666666
Max Crocombe,New Zealand,GK,32,3,270,0,0,0,0,0.0,0.0
Tim Payne,New Zealand,DF,32,3,227,0,0,0,0,0.0,0.0
Francis de Vries,New Zealand,DF,31,2,16,0,0,0,0,0.0,0.0
Tyler Bindon,New Zealand,DF,21,3,96,0,0,0,0,0.0,0.0
Michael Boxall,New Zealand,DF,37,3,206,0,0,0,0,0.0,0.0
Joe Bell,New Zealand,MF,27,3,244,0,0,0,0,0.0,0.0
Marko Stamenić,New Zealand,MF,24,3,269,0,0,1,0,0.3333333333333333,0.0
Chris Wood,New Zealand,FW,34,3,270,0,0,0,0,0.0,0.0
Sarpreet Singh,New Zealand,MF,27,3,210,0,0,1,0,0.3333333333333333,0.0
Elijah Just,New Zealand,MF,26,3,265,3,0,1,0,0.3333333333333333,1.0
Liberato Cacace,New Zealand,DF,25,3,223,0,0,0,0,0.0,0.0
Finn Surman,New Zealand,DF,22,3,270,1,0,0,0,0.0,0.3333333333333333
Ben Old,New Zealand,MF,23,3,91,0,0,0,0,0.0,0.0
Callum McCowatt,New Zealand,MF,27,3,160,0,0,1,0,0.3333333333333333,0.0
Jesse Randall,New Zealand,FW,23,3,60,0,0,0,0,0.0,0.0
Ryan Thomas,New Zealand,MF,31,3,81,0,0,0,0,0.0,0.0
Callan Elliot,New Zealand,DF,26,1,12,0,0,0,0,0.0,0.0
Vozinha,Cape Verde,GK,40,4,390,0,0,0,0,0.0,0.0
Kevin Pina,Cape Verde,MF,29,4,351,1,0,1,0,0.25,0.25
Jovane Cabral,Cape Verde,MF,27,2,141,0,0,0,0,0.0,0.0
João Paulo,Cape Verde,MF,28,2,104,0,0,0,0,0.0,0.0
Gilson Benchimol,Cape Verde,FW,24,2,78,0,0,0,0,0.0,0.0
Jamiro Monteiro,Cape Verde,MF,32,4,283,0,0,0,0,0.0,0.0
Garry Rodrigues,Cape Verde,MF,35,2,77,0,0,0,0,0.0,0.0
Sidny Lopes Cabral,Cape Verde,DF,23,3,286,1,0,2,0,0.6666666666666666,0.3333333333333333
Deroy Duarte,Cape Verde,MF,26,4,264,1,0,0,0,0.0,0.25
Laros Duarte,Cape Verde,MF,29,4,166,0,0,0,0,0.0,0.0
Yannick Semedo,Cape Verde,MF,30,2,30,0,0,0,0,0.0,0.0
Willy Semedo,Cape Verde,MF,32,3,130,0,0,0,0,0.0,0.0
Telmo Arcanjo,Cape Verde,MF,24,2,56,0,0,0,0,0.0,0.0
Dailon Livramento,Cape Verde,FW,25,3,175,0,0,0,0,0.0,0.0
Ryan Mendes,Cape Verde,FW,36,4,331,0,0,0,0,0.0,0.0
Nuno da Costa,Cape Verde,MF,35,4,157,0,0,0,0,0.0,0.0
Steven Moreira,Cape Verde,DF,31,4,301,0,0,0,0,0.0,0.0
CJ dos Santos,Cape Verde,GK,25,5,442,0,0,0,0,0.0,0.0
Wagner Pina,Cape Verde,DF,23,1,89,0,0,1,0,1.0,0.0
Hélio Varela,Cape Verde,MF,24,3,101,1,0,0,0,0.0,0.3333333333333333
Ali Lajami,Saudi Arabia,DF,30,3,148,0,0,0,0,0.0,0.0
Abdulelah Al-Amri,Saudi Arabia,DF,29,3,240,1,0,1,0,0.3333333333333333,0.3333333333333333
Hassan Al-Tambakti,Saudi Arabia,DF,27,3,213,0,0,0,0,0.0,0.0
Nasser Al-Dawsari,Saudi Arabia,MF,27,3,206,0,0,1,0,0.3333333333333333,0.0
Musab Al-Juwayr,Saudi Arabia,MF,22,3,153,0,0,0,0,0.0,0.0
Firas Al-Buraikan,Saudi Arabia,FW,26,3,239,0,0,1,0,0.3333333333333333,0.0
Salem Al-Dawsari,Saudi Arabia,FW,34,3,246,0,0,1,0,0.3333333333333333,0.0
Saud Abdulhamid,Saudi Arabia,DF,26,3,269,0,0,1,0,0.3333333333333333,0.0
Khalid Al-Ghannam,Saudi Arabia,FW,25,1,1,0,0,0,0,0.0,0.0
Abdullah Al-Hamdan,Saudi Arabia,FW,26,3,70,0,0,0,0,0.0,0.0
Sultan Mandash,Saudi Arabia,FW,31,1,66,0,0,0,0,0.0,0.0
Mohammed Al-Owais,Saudi Arabia,GK,34,3,270,0,0,0,0,0.0,0.0
Mohamed Kanno,Saudi Arabia,MF,31,3,225,0,0,1,0,0.3333333333333333,0.0
Moteb Al-Harbi,Saudi Arabia,DF,26,3,187,0,0,0,0,0.0,0.0
Mohammed Abu Al-Shamat,Saudi Arabia,DF,23,3,135,0,0,0,0,0.0,0.0
Marc Pubill,Spain,DF,22,1,1,0,0,0,0,0.0,0.0
Eric García,Spain,DF,25,1,21,0,0,0,0,0.0,0.0
Marcos Llorente,Spain,DF,31,3,186,0,0,0,0,0.0,0.0
Mikel Merino,Spain,MF,29,8,193,2,0,0,0,0.0,0.25
Ferran Torres,Spain,FW,26,8,283,1,0,1,0,0.125,0.125
Fabián Ruiz,Spain,MF,30,8,322,1,0,0,0,0.0,0.125
Gavi,Spain,MF,21,2,76,0,0,0,0,0.0,0.0
Dani Olmo,Spain,FW,28,8,495,0,0,0,0,0.0,0.0
Yéremy Pino,Spain,FW,23,2,69,0,0,0,0,0.0,0.0
Pedro Porro,Spain,DF,26,6,564,2,0,0,0,0.0,0.3333333333333333
Joan Garcia,Spain,GK,25,1,21,0,0,0,0,0.0,0.0
Aymeric Laporte,Spain,DF,32,8,728,0,0,1,0,0.125,0.0
Álex Baena,Spain,MF,24,7,487,1,0,1,0,0.14285714285714285,0.14285714285714285
Rodri,Spain,MF,29,8,726,0,0,0,0,0.0,0.0
Nico Williams,Spain,FW,23,6,108,0,0,0,0,0.0,0.0
Martín Zubimendi,Spain,MF,27,1,21,0,0,0,0,0.0,0.0
Lamine Yamal,Spain,FW,18,8,615,1,0,0,0,0.0,0.125
Pedri,Spain,MF,23,8,499,0,0,1,0,0.125,0.0
Mikel Oyarzabal,Spain,FW,29,8,605,5,1,0,0,0.0,0.625
Pau Cubarsí,Spain,DF,19,8,750,0,0,1,0,0.125,0.0
Unai Simón,Spain,GK,29,8,750,0,0,0,0,0.0,0.0
Marc Cucurella,Spain,DF,27,8,750,0,0,1,0,0.125,0.0
Víctor Muñoz,Spain,FW,22,5,393,0,0,0,0,0.0,0.0
Borja Iglesias,Spain,FW,33,1,1,0,0,0,0,0.0,0.0
Sergio Rochet,Uruguay,GK,33,1,45,0,0,0,0,0.0,0.0
José María Giménez,Uruguay,DF,31,4,82,0,0,0,0,0.0,0.0
Sebastián Cáceres,Uruguay,DF,26,3,270,0,0,0,0,0.0,0.0
Manuel Ugarte,Uruguay,MF,25,3,186,0,0,0,0,0.0,0.0
Rodrigo Bentancur,Uruguay,MF,28,3,270,0,0,1,0,0.3333333333333333,0.0
Nicolás de la Cruz,Uruguay,MF,29,3,84,0,0,1,0,0.3333333333333333,0.0
Federico Valverde,Uruguay,MF,27,3,237,0,0,0,0,0.0,0.0
Darwin Núñez,Uruguay,FW,26,3,155,0,0,0,0,0.0,0.0
Guillermo Varela,Uruguay,DF,33,3,270,0,0,1,0,0.3333333333333333,0.0
Agustín Canobbio,Uruguay,MF,27,3,225,1,0,0,1,0.0,0.3333333333333333
Emiliano Martínez,Uruguay,MF,26,8,810,0,0,0,0,0.0,0.0
Mathías Olivera,Uruguay,DF,28,3,270,0,0,1,0,0.3333333333333333,0.0
Matías Viña,Uruguay,DF,28,1,45,0,0,0,0,0.0,0.0
Brian Rodríguez,Uruguay,FW,26,3,38,0,0,0,0,0.0,0.0
Rodrigo Aguirre,Uruguay,FW,31,1,1,0,0,0,0,0.0,0.0
Maximiliano Araújo,Uruguay,MF,26,3,252,2,0,0,0,0.0,0.6666666666666666
Federico Viñas,Uruguay,FW,27,3,192,0,0,0,0,0.0,0.0
Fernando Muslera,Uruguay,GK,39,3,225,0,0,0,0,0.0,0.0
Malo Gusto,France,DF,23,5,117,0,0,0,0,0.0,0.0
Lucas Digne,France,DF,32,6,465,0,0,0,0,0.0,0.0
Dayot Upamecano,France,DF,27,8,661,0,0,0,0,0.0,0.0
Jules Koundé,France,DF,27,8,603,0,0,0,0,0.0,0.0
Manu Koné,France,MF,25,5,386,0,0,1,0,0.2,0.0
Ousmane Dembélé,France,FW,29,8,597,6,2,0,0,0.0,0.75
Aurélien Tchouaméni,France,MF,26,4,360,0,0,1,0,0.25,0.0
Marcus Thuram,France,FW,28,1,1,0,0,0,0,0.0,0.0
Kylian Mbappé,France,FW,27,8,698,10,4,1,0,0.125,1.25
Michael Olise,France,FW,24,8,650,0,7,1,0,0.125,0.0
Bradley Barcola,France,FW,23,8,384,3,0,1,0,0.125,0.375
Adrien Rabiot,France,MF,31,7,585,0,0,1,0,0.14285714285714285,0.0
Ibrahima Konaté,France,DF,27,2,59,0,0,0,0,0.0,0.0
Mike Maignan,France,GK,30,8,720,0,0,0,0,0.0,0.0
William Saliba,France,DF,25,6,480,0,0,0,0,0.0,0.0
Warren Zaïre-Emery,France,MF,20,2,109,0,0,0,0,0.0,0.0
Théo Hernandez,France,DF,28,5,255,0,0,0,0,0.0,0.0
Désiré Doué,France,FW,21,8,398,1,0,0,0,0.0,0.125
Jean-Philippe Mateta,France,FW,28,3,21,0,0,0,0,0.0,0.0
Rayan Cherki,France,MF,22,7,124,0,0,0,0,0.0,0.0
Maghnes Akliouche,France,MF,24,1,7,0,0,0,0,0.0,0.0
Maxence Lacroix,France,DF,26,3,240,0,0,0,0,0.0,0.0
Rebin Sulaka,Iraq,DF,34,2,43,0,0,0,1,0.0,0.0
Hussein Ali,Iraq,DF,24,2,163,0,0,0,0,0.0,0.0
Zaid Tahseen,Iraq,DF,25,2,150,0,0,1,0,0.5,0.0
Manaf Younis,Iraq,DF,29,1,74,0,0,0,0,0.0,0.0
Youssef Amyn,Iraq,MF,22,1,30,0,0,0,0,0.0,0.0
Ibrahim Bayesh,Iraq,MF,26,3,237,0,0,0,0,0.0,0.0
Ali Al-Hamadi,Iraq,FW,24,3,181,0,0,0,0,0.0,0.0
Mohanad Ali,Iraq,FW,25,1,12,0,0,0,0,0.0,0.0
Ahmed Qasem,Iraq,FW,22,3,123,0,0,0,0,0.0,0.0
Jalal Hassan,Iraq,GK,35,2,135,0,0,0,0,0.0,0.0
Ali Yousif,Iraq,FW,30,1,32,0,0,0,0,0.0,0.0
Zidane Iqbal,Iraq,MF,23,3,188,0,0,0,0,0.0,0.0
Ahmed Maknzi,Iraq,DF,24,1,32,0,0,0,0,0.0,0.0
Amir Al-Ammari,Iraq,MF,28,3,248,0,0,2,0,0.6666666666666666,0.0
Ali Jasim,Iraq,FW,22,2,131,0,0,0,0,0.0,0.0
Aymen Hussein,Iraq,FW,30,2,116,1,0,0,0,0.0,0.5
Kevin Yakob,Iraq,MF,25,1,23,0,0,0,0,0.0,0.0
Aimar Sher,Iraq,MF,23,1,22,0,0,0,0,0.0,0.0
Marko Farji,Iraq,FW,22,2,52,0,0,0,0,0.0,0.0
Merchas Doski,Iraq,DF,26,3,270,0,0,1,0,0.3333333333333333,0.0
Frans Putros,Iraq,DF,32,1,90,0,0,0,0,0.0,0.0
Ørjan Nyland,Norway,GK,35,5,480,0,0,0,0,0.0,0.0
Morten Thorsby,Norway,MF,30,1,45,0,0,0,0,0.0,0.0
Kristoffer Ajer,Norway,DF,28,5,480,0,0,1,0,0.2,0.0
Leo Østigård,Norway,DF,26,5,144,1,0,0,0,0.0,0.2
David Møller Wolfe,Norway,DF,24,5,431,0,0,0,0,0.0,0.0
Patrick Berg,Norway,MF,28,6,444,0,0,1,0,0.16666666666666666,0.0
Alexander Sørloth,Norway,FW,30,5,341,0,0,0,0,0.0,0.0
Sander Berge,Norway,MF,28,5,480,0,0,0,0,0.0,0.0
Erling Haaland,Norway,FW,25,5,465,7,0,0,0,0.0,1.4
Martin Ødegaard,Norway,MF,27,5,471,0,0,0,0,0.0,0.0
Jørgen Strand Larsen,Norway,FW,26,2,105,0,0,0,0,0.0,0.0
Egil Selvik,Norway,GK,28,1,90,0,0,0,0,0.0,0.0
Fredrik Aursnes,Norway,MF,30,6,302,0,0,0,0,0.0,0.0
Fredrik André Bjørkan,Norway,DF,27,1,45,0,0,0,0,0.0,0.0
Marcus Holmgren Pedersen,Norway,DF,25,4,236,1,0,0,0,0.0,0.25
Torbjørn Heggem,Norway,DF,27,5,444,0,0,0,0,0.0,0.0
Kristian Thorstvedt,Norway,MF,27,2,62,0,0,0,0,0.0,0.0
Thelo Aasgaard,Norway,MF,24,1,90,1,0,0,0,0.0,1.0
Antonio Nusa,Norway,MF,21,6,319,1,0,1,0,0.16666666666666666,0.16666666666666666
Andreas Schjelderup,Norway,MF,22,6,251,1,3,0,0,0.0,0.16666666666666666
Oscar Bobb,Norway,MF,22,6,222,0,0,0,0,0.0,0.0
Jens Petter Hauge,Norway,MF,26,1,7,0,0,0,0,0.0,0.0
Sondre Langås,Norway,DF,25,1,24,0,0,0,0,0.0,0.0
Henrik Falchener,Norway,DF,23,1,66,0,0,0,0,0.0,0.0
Julian Ryerson,Norway,DF,28,4,226,0,0,0,0,0.0,0.0
Yehvann Diouf,Senegal,GK,26,3,170,0,0,0,0,0.0,0.0
Kalidou Koulibaly,Senegal,DF,34,2,162,0,0,0,0,0.0,0.0
Abdoulaye Seck,Senegal,DF,34,1,58,0,0,1,0,1.0,0.0
Pathé Ciss,Senegal,MF,32,4,181,0,0,0,0,0.0,0.0
Assane Diao,Senegal,FW,20,1,9,0,0,0,0,0.0,0.0
Lamine Camara,Senegal,MF,22,4,250,0,0,1,0,0.25,0.0
Bamba Dieng,Senegal,FW,26,1,7,0,0,0,0,0.0,0.0
Sadio Mané,Senegal,FW,34,4,364,0,0,0,0,0.0,0.0
Nicolas Jackson,Senegal,FW,24,4,232,0,0,0,0,0.0,0.0
Iliman Ndiaye,Senegal,FW,26,3,113,1,0,0,0,0.0,0.3333333333333333
Ismail Jakobs,Senegal,DF,26,3,220,0,0,0,0,0.0,0.0
Krépin Diatta,Senegal,DF,27,4,390,0,0,0,0,0.0,0.0
Édouard Mendy,Senegal,GK,34,2,153,0,0,0,0,0.0,0.0
Ismaïla Sarr,Senegal,FW,28,4,366,4,1,0,0,0.0,1.0
Moussa Niakhaté,Senegal,DF,30,4,390,0,0,0,0,0.0,0.0
Ibrahim Mbaye,Senegal,FW,18,4,155,1,0,0,0,0.0,0.25
Habib Diarra,Senegal,MF,22,3,144,2,0,0,0,0.0,0.6666666666666666
Mory Diaw,Senegal,GK,32,3,237,0,0,0,0,0.0,0.0
Antoine Mendy,Senegal,DF,22,2,153,0,0,0,0,0.0,0.0
El Hadji Malick Diouf,Senegal,DF,21,3,170,0,0,0,0,0.0,0.0
Pape Gueye,Senegal,MF,27,4,236,2,0,1,0,0.25,0.5
Aïssa Mandi,Algeria,DF,34,4,360,0,0,0,0,0.0,0.0
Zineddine Belaïd,Algeria,DF,27,2,23,0,0,0,0,0.0,0.0
Ramiz Zerrouki,Algeria,MF,28,3,111,0,0,1,0,0.3333333333333333,0.0
Riyad Mahrez,Algeria,FW,35,4,263,2,0,0,0,0.0,0.5
Houssem Aouar,Algeria,MF,27,3,173,0,0,0,0,0.0,0.0
Amine Gouiri,Algeria,FW,26,4,253,1,0,0,0,0.0,0.25
Farès Chaïbi,Algeria,MF,23,4,360,0,0,1,0,0.25,0.0
Anis Hadj Moussa,Algeria,FW,24,3,97,0,0,0,0,0.0,0.0
Nadhir Benbouali,Algeria,FW,26,1,45,1,0,0,0,0.0,1.0
Jaouen Hadjam,Algeria,DF,23,3,108,0,0,0,0,0.0,0.0
Hicham Boudaoui,Algeria,MF,26,3,128,0,0,1,0,0.3333333333333333,0.0
Rayan Aït-Nouri,Algeria,DF,25,4,284,0,0,0,0,0.0,0.0
Oussama Benbot,Algeria,GK,31,1,90,0,0,0,0,0.0,0.0
Rafik Belghali,Algeria,DF,24,4,333,1,0,0,0,0.0,0.25
Mohamed Amoura,Algeria,FW,26,1,26,0,0,0,0,0.0,0.0
Nabil Bentaleb,Algeria,MF,31,4,288,0,0,0,0,0.0,0.0
Adil Boulbina,Algeria,FW,23,2,17,0,0,0,0,0.0,0.0
Ramy Bensebaini,Algeria,DF,31,4,360,0,0,0,0,0.0,0.0
Ibrahim Maza,Algeria,MF,20,4,351,0,0,0,0,0.0,0.0
Luca Zidane,Algeria,GK,28,3,270,0,0,0,0,0.0,0.0
Farès Ghedjemis,Algeria,FW,23,1,1,0,0,0,0,0.0,0.0
Samir Chergui,Algeria,DF,27,1,19,0,0,0,0,0.0,0.0
Marcos Senesi,Argentina,DF,29,2,108,0,0,0,0,0.0,0.0
Nicolás Tagliafico,Argentina,DF,33,7,477,0,0,0,0,0.0,0.0
Gonzalo Montiel,Argentina,DF,29,6,189,0,0,1,0,0.16666666666666666,0.0
Leandro Paredes,Argentina,MF,31,7,473,0,0,2,0,0.2857142857142857,0.0
Lisandro Martínez,Argentina,DF,28,7,626,1,0,2,0,0.2857142857142857,0.14285714285714285
Rodrigo De Paul,Argentina,MF,32,7,495,0,0,1,0,0.14285714285714285,0.0
Valentín Barco,Argentina,MF,21,1,19,0,0,0,0,0.0,0.0
Julián Alvarez,Argentina,FW,26,8,601,1,0,0,0,0.0,0.125
Lionel Messi,Argentina,FW,38,8,740,8,4,0,0,0.0,1.0
Giovani Lo Celso,Argentina,MF,30,1,60,1,0,0,0,0.0,1.0
Cristian Romero,Argentina,DF,28,7,611,1,0,2,0,0.2857142857142857,0.14285714285714285
Exequiel Palacios,Argentina,MF,27,1,90,0,0,0,0,0.0,0.0
Nicolás González,Argentina,MF,28,7,253,0,0,0,0,0.0,0.0
Thiago Almada,Argentina,FW,25,5,243,0,0,1,0,0.2,0.0
Giuliano Simeone,Argentina,FW,23,3,193,0,0,0,0,0.0,0.0
Nico Paz,Argentina,FW,21,2,71,0,0,0,0,0.0,0.0
Nicolás Otamendi,Argentina,DF,38,7,243,0,0,0,0,0.0,0.0
Alexis Mac Allister,Argentina,MF,27,8,749,1,0,1,0,0.125,0.125
José Manuel López,Argentina,FW,25,2,18,0,0,0,0,0.0,0.0
Lautaro Martínez,Argentina,FW,28,7,311,3,0,1,0,0.14285714285714285,0.42857142857142855
Enzo Fernández,Argentina,MF,25,7,660,2,0,0,1,0.0,0.2857142857142857
Facundo Medina,Argentina,DF,27,5,309,0,0,1,0,0.2,0.0
Nahuel Molina,Argentina,DF,28,7,531,0,0,0,0,0.0,0.0
Alexander Schlager,Austria,GK,30,4,360,0,0,0,0,0.0,0.0
Kevin Danso,Austria,DF,27,4,239,0,0,0,0,0.0,0.0
Xaver Schlager,Austria,MF,28,4,239,0,0,0,0,0.0,0.0
Stefan Posch,Austria,DF,29,4,333,0,0,2,0,0.5,0.0
Nicolas Seiwald,Austria,MF,25,4,315,0,0,0,0,0.0,0.0
Marko Arnautović,Austria,FW,37,4,142,2,0,1,0,0.25,0.5
David Alaba,Austria,DF,33,4,278,0,0,0,0,0.0,0.0
Marcel Sabitzer,Austria,MF,32,4,360,1,0,1,0,0.25,0.25
Florian Grillitsch,Austria,MF,30,2,90,0,0,0,0,0.0,0.0
Michael Gregoritsch,Austria,FW,32,3,190,0,0,0,0,0.0,0.0
Saša Kalajdžić,Austria,FW,28,3,76,1,0,0,0,0.0,0.3333333333333333
Philipp Lienhart,Austria,DF,29,2,180,0,0,0,0,0.0,0.0
Phillipp Mwene,Austria,DF,32,2,148,0,0,0,0,0.0,0.0
Carney Chukwuemeka,Austria,MF,22,3,81,0,0,0,0,0.0,0.0
Romano Schmid,Austria,MF,26,4,266,1,0,0,0,0.0,0.25
Konrad Laimer,Austria,MF,29,4,360,0,0,1,0,0.25,0.0
Patrick Wimmer,Austria,FW,25,2,19,0,0,0,0,0.0,0.0
Alexander Prass,Austria,MF,25,2,27,0,0,0,0,0.0,0.0
Marco Friedl,Austria,DF,28,1,23,0,0,0,0,0.0,0.0
Paul Wanner,Austria,MF,20,4,234,0,0,0,0,0.0,0.0
Yazeed Abulaila,Jordan,GK,33,3,270,0,0,0,0,0.0,0.0
Abdallah Nasib,Jordan,DF,32,3,261,0,0,0,0,0.0,0.0
Husam Abu Dahab,Jordan,DF,26,2,178,0,0,1,0,0.5,0.0
Yazan Al-Arab,Jordan,DF,30,3,270,0,0,0,0,0.0,0.0
Amer Jamous,Jordan,MF,23,1,14,0,0,0,0,0.0,0.0
Noor Al-Rawabdeh,Jordan,MF,29,3,270,0,0,0,0,0.0,0.0
Ali Olwan,Jordan,FW,26,3,268,1,0,0,0,0.0,0.3333333333333333
Musa Al-Taamari,Jordan,FW,29,3,217,1,0,0,0,0.0,0.3333333333333333
Odeh Al-Fakhouri,Jordan,FW,20,3,148,0,0,0,0,0.0,0.0
Mahmoud Al-Mardi,Jordan,FW,32,3,130,0,0,0,0,0.0,0.0
Mo Abualnadi,Jordan,DF,25,1,72,0,0,0,0,0.0,0.0
Salim Obaid,Jordan,DF,34,3,20,0,0,0,0,0.0,0.0
Mohammad Taha,Jordan,MF,20,3,265,0,0,0,0,0.0,0.0
Saed Al-Rosan,Jordan,DF,29,1,9,0,0,0,0,0.0,0.0
Mohannad Abu Taha,Jordan,MF,23,3,265,0,0,1,0,0.3333333333333333,0.0
Nizar Al-Rashdan,Jordan,MF,27,3,256,1,0,0,0,0.0,0.3333333333333333
Abdallah Al-Fakhouri,Jordan,GK,26,3,148,0,0,0,0,0.0,0.0
Ihsan Haddad,Jordan,DF,32,3,261,0,0,0,0,0.0,0.0
Ali Azaizeh,Jordan,FW,22,3,52,0,0,0,0,0.0,0.0
Daniel Muñoz,Colombia,DF,30,5,393,2,0,0,0,0.0,0.4
Jhon Lucumí,Colombia,DF,27,5,479,0,0,1,0,0.2,0.0
Santiago Arias,Colombia,DF,34,1,87,0,0,0,0,0.0,0.0
Kevin Castaño,Colombia,MF,25,2,15,0,0,0,0,0.0,0.0
Richard Ríos,Colombia,MF,26,5,136,0,0,1,0,0.2,0.0
Luis Díaz,Colombia,FW,29,5,478,1,0,0,0,0.0,0.2
Jhon Córdoba,Colombia,FW,33,3,100,0,0,0,0,0.0,0.0
James Rodríguez,Colombia,MF,34,5,317,0,0,0,0,0.0,0.0
Jhon Arias,Colombia,MF,28,5,381,1,0,1,0,0.2,0.2
Camilo Vargas,Colombia,GK,37,5,480,0,0,0,0,0.0,0.0
Yerry Mina,Colombia,DF,31,1,1,0,0,0,0,0.0,0.0
Gustavo Puerta,Colombia,DF,22,5,470,0,0,1,0,0.2,0.0
Jefferson Lerma,Colombia,MF,31,5,412,0,0,1,0,0.2,0.0
Johan Mojica,Colombia,DF,33,4,390,0,0,1,0,0.25,0.0
Jaminton Campaz,Colombia,FW,26,3,73,1,0,0,0,0.0,0.3333333333333333
Deiver Machado,Colombia,DF,32,1,90,0,0,0,0,0.0,0.0
Davinson Sánchez,Colombia,DF,29,5,480,0,0,1,0,0.2,0.0
Luis Suárez,Colombia,FW,28,5,332,0,0,1,0,0.2,0.0
Andrés Gómez,Colombia,FW,23,1,1,0,0,0,0,0.0,0.0
Aaron Wan-Bissaka,DR Congo,DF,28,4,355,0,0,0,0,0.0,0.0
Steve Kapuadi,DR Congo,DF,28,2,180,0,0,0,0,0.0,0.0
Axel Tuanzebe,DR Congo,DF,28,4,360,0,0,0,0,0.0,0.0
Ngal'ayel Mukau,DR Congo,MF,21,4,196,0,0,0,0,0.0,0.0
Nathanaël Mbuku,DR Congo,MF,24,3,144,0,0,1,0,0.3333333333333333,0.0
Samuel Moutoussamy,DR Congo,MF,29,4,333,0,0,1,0,0.25,0.0
Brian Cipenga,DR Congo,FW,28,2,148,1,0,0,0,0.0,0.5
Théo Bongonda,DR Congo,MF,30,2,32,0,0,0,0,0.0,0.0
Joris Kayembe,DR Congo,DF,31,3,160,0,0,0,0,0.0,0.0
Meschak Elia,DR Congo,FW,28,2,44,0,0,0,0,0.0,0.0
Noah Sadiki,DR Congo,MF,21,4,258,0,0,2,0,0.5,0.0
Cédric Bakambu,DR Congo,FW,35,3,193,0,0,0,0,0.0,0.0
Charles Pickel,DR Congo,MF,29,2,34,0,0,1,0,0.5,0.0
Fiston Mayele,DR Congo,FW,31,2,40,1,0,0,0,0.0,0.5
Yoane Wissa,DR Congo,FW,29,4,360,3,0,0,0,0.0,0.75
Chancel Mbemba,DR Congo,DF,31,4,360,0,0,1,0,0.25,0.0
Simon Banza,DR Congo,FW,29,2,38,0,0,0,0,0.0,0.0
Gédéon Kalulu,DR Congo,DF,28,1,5,0,0,0,0,0.0,0.0
Edo Kayembe,DR Congo,MF,28,3,160,0,0,0,0,0.0,0.0
Arthur Masuaku,DR Congo,DF,32,4,318,0,0,0,0,0.0,0.0
Diogo Costa,Portugal,GK,26,5,450,0,0,0,0,0.0,0.0
Nélson Semedo,Portugal,DF,32,4,124,0,0,1,0,0.25,0.0
Rúben Dias,Portugal,DF,29,4,360,0,0,1,0,0.25,0.0
Tomás Araújo,Portugal,DF,24,1,90,0,0,1,0,1.0,0.0
Diogo Dalot,Portugal,DF,27,2,64,0,0,0,0,0.0,0.0
Matheus Nunes,Portugal,MF,27,1,1,0,0,0,0,0.0,0.0
Cristiano Ronaldo,Portugal,FW,41,5,441,3,0,0,0,0.0,0.6
Bruno Fernandes,Portugal,MF,31,5,423,0,0,0,0,0.0,0.0
Gonçalo Ramos,Portugal,FW,24,2,34,1,0,0,0,0.0,0.5
Bernardo Silva,Portugal,MF,31,4,94,0,0,2,0,0.5,0.0
João Félix,Portugal,FW,26,3,204,0,0,0,0,0.0,0.0
Renato Veiga,Portugal,DF,22,5,450,0,0,2,0,0.4,0.0
João Neves,Portugal,MF,21,5,391,1,0,0,0,0.0,0.2
Francisco Trincão,Portugal,FW,26,1,27,0,0,0,0,0.0,0.0
Rafael Leão,Portugal,FW,27,5,155,1,0,0,0,0.0,0.2
Pedro Neto,Portugal,FW,26,5,352,0,0,0,0,0.0,0.0
João Cancelo,Portugal,DF,32,5,314,0,0,0,0,0.0,0.0
Rúben Neves,Portugal,MF,29,2,54,0,0,0,0,0.0,0.0
Rui Silva,Portugal,GK,32,4,94,0,0,0,0,0.0,0.0
Vitinha,Portugal,MF,26,5,381,0,0,0,0,0.0,0.0
Nuno Mendes,Portugal,DF,23,5,397,1,0,0,0,0.0,0.2
Francisco Conceição,Portugal,FW,23,4,124,0,0,0,0,0.0,0.0
Utkir Yusupov,Uzbekistan,GK,35,1,90,0,0,0,0,0.0,0.0
Abdukodir Khusanov,Uzbekistan,DF,22,3,270,0,0,2,0,0.6666666666666666,0.0
Farrukh Sayfiev,Uzbekistan,DF,35,1,45,0,0,0,0,0.0,0.0
Rustam Ashurmatov,Uzbekistan,DF,29,3,257,0,0,0,0,0.0,0.0
Akmal Mozgovoy,Uzbekistan,MF,27,3,217,0,0,0,0,0.0,0.0
Otabek Shukurov,Uzbekistan,MF,29,3,238,0,0,0,0,0.0,0.0
Ruslanbek Jiyanov,Uzbekistan,MF,25,1,1,0,0,0,0,0.0,0.0
Oston Urunov,Uzbekistan,MF,25,2,62,0,0,0,0,0.0,0.0
Abduvohid Nematov,Uzbekistan,GK,25,2,180,0,0,0,0,0.0,0.0
Eldor Shomurodov,Uzbekistan,FW,30,3,269,1,0,0,0,0.0,0.3333333333333333
Dostonbek Khamdamov,Uzbekistan,MF,29,2,104,0,0,0,0,0.0,0.0
Abdulla Abdullaev,Uzbekistan,DF,28,2,180,0,0,0,0,0.0,0.0
Azizjon Ganiev,Uzbekistan,MF,28,2,121,0,0,0,0,0.0,0.0
Azizbek Amonov,Uzbekistan,FW,28,1,13,0,0,0,0,0.0,0.0
Igor Sergeev,Uzbekistan,FW,33,3,26,0,0,0,0,0.0,0.0
Abbosbek Fayzullaev,Uzbekistan,MF,22,3,223,1,0,0,0,0.0,0.3333333333333333
Sherzod Esanov,Uzbekistan,MF,23,1,1,0,0,0,0,0.0,0.0
Bekhruz Karimov,Uzbekistan,DF,18,2,179,0,0,0,0,0.0,0.0
Jakhongir Urozov,Uzbekistan,DF,22,2,95,0,0,0,0,0.0,0.0
Dominik Livaković,Croatia,GK,31,4,360,0,0,0,0,0.0,0.0
Josip Stanišić,Croatia,DF,26,4,360,0,0,0,0,0.0,0.0
Marin Pongračić,Croatia,DF,28,3,270,0,0,0,0,0.0,0.0
Joško Gvardiol,Croatia,DF,24,4,138,0,0,0,0,0.0,0.0
Josip Šutalo,Croatia,DF,26,4,360,0,0,0,0,0.0,0.0
Mateo Kovačić,Croatia,MF,32,4,271,0,0,0,0,0.0,0.0
Andrej Kramarić,Croatia,FW,34,3,58,0,0,0,0,0.0,0.0
Luka Modrić,Croatia,MF,40,4,319,0,0,1,0,0.25,0.0
Ante Budimir,Croatia,FW,34,3,156,1,0,0,0,0.0,0.3333333333333333
Nikola Vlašić,Croatia,MF,28,3,189,1,0,0,0,0.0,0.3333333333333333
Ivan Perišić,Croatia,FW,37,4,360,1,0,2,0,0.5,0.25
Mario Pašalić,Croatia,MF,31,4,121,0,0,0,0,0.0,0.0
Martin Baturina,Croatia,MF,23,4,324,1,0,0,0,0.0,0.25
Petar Sučić,Croatia,MF,22,4,288,1,0,1,0,0.25,0.25
Igor Matanović,Croatia,FW,23,3,93,0,0,0,0,0.0,0.0
Luka Sučić,Croatia,MF,23,1,18,0,0,0,0,0.0,0.0
Luka Vušković,Croatia,DF,19,1,66,0,0,0,0,0.0,0.0
Marco Pašalić,Croatia,FW,25,3,98,0,0,0,0,0.0,0.0
Petar Musa,Croatia,FW,28,2,111,1,0,0,0,0.0,0.5
Jordan Pickford,England,GK,32,7,660,0,0,0,0,0.0,0.0
Ezri Konsa,England,DF,28,8,647,1,0,0,0,0.0,0.125
Nico O'Reilly,England,DF,21,7,462,0,0,1,0,0.14285714285714285,0.0
Declan Rice,England,MF,27,7,558,1,0,2,0,0.2857142857142857,0.14285714285714285
John Stones,England,DF,32,5,330,0,0,0,0,0.0,0.0
Marc Guéhi,England,DF,25,8,662,0,0,1,0,0.125,0.0
Bukayo Saka,England,FW,24,7,357,3,3,0,0,0.0,0.42857142857142855
Elliot Anderson,England,MF,23,8,634,0,0,1,0,0.125,0.0
Harry Kane,England,FW,32,7,653,6,2,0,0,0.0,0.8571428571428571
Jude Bellingham,England,MF,22,8,616,7,1,1,0,0.125,0.875
Marcus Rashford,England,FW,28,6,222,1,0,0,0,0.0,0.16666666666666666
Trevoh Chalobah,England,DF,26,1,1,0,0,0,0,0.0,0.0
Dean Henderson,England,GK,29,1,90,0,0,0,0,0.0,0.0
Jordan Henderson,England,MF,35,1,6,0,0,1,0,1.0,0.0
Dan Burn,England,DF,34,3,32,0,0,0,0,0.0,0.0
Morgan Rogers,England,MF,23,7,337,0,0,0,0,0.0,0.0
Anthony Gordon,England,FW,25,6,399,1,3,0,0,0.0,0.16666666666666666
Ollie Watkins,England,FW,30,2,51,0,0,0,0,0.0,0.0
Noni Madueke,England,FW,24,5,288,0,0,0,0,0.0,0.0
Eberechi Eze,England,MF,27,5,209,0,0,0,0,0.0,0.0
Ivan Toney,England,FW,30,2,80,0,0,0,0,0.0,0.0
Reece James,England,DF,26,5,318,0,0,0,0,0.0,0.0
Djed Spence,England,DF,25,8,402,0,0,0,0,0.0,0.0
Jarell Quansah,England,DF,23,3,200,0,0,1,1,0.3333333333333333,0.0
Lawrence Ati-Zigi,Ghana,GK,29,2,135,0,0,0,0,0.0,0.0
Alidu Seidu,Ghana,DF,26,1,77,0,0,1,0,1.0,0.0
Caleb Yirenkyi,Ghana,MF,20,4,264,1,0,2,0,0.5,0.25
Jonas Adjetey,Ghana,DF,22,3,225,0,0,0,0,0.0,0.0
Thomas Partey,Ghana,MF,32,3,270,0,0,0,0,0.0,0.0
Abdul Fatawu,Ghana,FW,22,4,129,0,0,1,0,0.25,0.0
Kwasi Sibo,Ghana,MF,27,4,249,0,0,0,0,0.0,0.0
Jordan Ayew,Ghana,FW,34,4,304,0,0,0,0,0.0,0.0
Brandon Thomas-Asante,Ghana,FW,27,2,51,0,0,0,0,0.0,0.0
Antoine Semenyo,Ghana,MF,26,4,360,0,0,0,0,0.0,0.0
Gideon Mensah,Ghana,DF,27,4,360,0,0,0,0,0.0,0.0
Elisha Owusu,Ghana,MF,28,3,151,0,0,0,0,0.0,0.0
Benjamin Asare,Ghana,GK,33,3,225,0,0,0,0,0.0,0.0
Abdul Rahman Baba,Ghana,DF,31,1,1,0,0,0,0,0.0,0.0
Jerome Opoku,Ghana,DF,27,3,270,0,0,0,0,0.0,0.0
Iñaki Williams,Ghana,FW,31,2,128,0,0,1,0,0.5,0.0
Kojo Peprah Oppong,Ghana,DF,22,2,48,0,0,1,0,0.5,0.0
Kamaldeen Sulemana,Ghana,FW,24,2,129,0,0,0,0,0.0,0.0
Derrick Luckassen,Ghana,DF,30,2,180,1,0,0,0,0.0,0.5
Ernest Nuamah,Ghana,FW,22,3,88,0,0,0,0,0.0,0.0
Prince Kwabena Adu,Ghana,FW,22,3,36,0,0,0,0,0.0,0.0
Marvin Senaya,Ghana,DF,25,4,280,0,0,0,0,0.0,0.0
César Blackman,Panama,DF,28,2,178,0,0,1,0,0.5,0.0
José Córdoba,Panama,DF,25,3,270,0,0,0,0,0.0,0.0
Fidel Escobar,Panama,DF,31,1,90,0,0,0,0,0.0,0.0
Cristian Martínez,Panama,MF,29,3,243,0,0,0,0,0.0,0.0
José Luis Rodríguez,Panama,MF,27,3,235,0,0,0,0,0.0,0.0
Tomás Rodríguez,Panama,FW,27,2,46,0,0,0,0,0.0,0.0
Ismael Díaz,Panama,MF,29,2,35,0,0,0,0,0.0,0.0
Yoel Bárcenas,Panama,MF,32,3,250,0,0,1,0,0.3333333333333333,0.0
Jiovany Ramos,Panama,DF,29,2,167,0,0,0,0,0.0,0.0
Carlos Harvey,Panama,DF,26,3,268,0,0,1,0,0.3333333333333333,0.0
Eric Davis,Panama,DF,35,2,3,0,0,0,0,0.0,0.0
Andrés Andrade,Panama,DF,27,3,270,0,0,1,0,0.3333333333333333,0.0
José Fajardo,Panama,FW,32,3,155,0,0,1,0,0.3333333333333333,0.0
Cecilio Waterman,Panama,FW,35,2,76,0,0,0,0,0.0,0.0
Alberto Quintero,Panama,MF,38,1,2,0,0,0,0,0.0,0.0
Aníbal Godoy,Panama,MF,36,1,1,0,0,0,0,0.0,0.0
Orlando Mosquera,Panama,GK,31,3,270,0,0,0,0,0.0,0.0
Michael Amir Murillo,Panama,DF,30,3,270,0,0,0,0,0.0,0.0
Azarias Londoño,Panama,FW,24,3,53,0,0,0,0,0.0,0.0
Jorge Gutiérrez,Panama,DF,27,1,88,0,0,0,0,0.0,0.0
